2017110169,Winnah D'Aubney,010-3764-9212,wdaubney0@seattletimes.com
2017119308,Hubie Billitteri,010-5852-1138,hbillitteri1@cbslocal.com
2017113511,Ignatius Claxson,010-1247-4161,iclaxson2@cmu.edu
2017110140,Derron Goldstone,010-5376-1203,dgoldstone3@ft.com
2017112136,Joanie Batiste,010-0545-9747,jbatiste4@printfriendly.com
2017118106,Gerianne Kobke,010-7286-7343,gkobke5@admin.ch
2017111672,Laetitia Simister,010-4800-2894,lsimister6@163.com
2017111853,Justina Rubke,010-0890-2881,jrubke7@time.com
2017114876,Kendre Parslow,010-8561-6280,kparslow8@surveymonkey.com
2017113382,Alessandra Mendel,010-5515-1083,amendel9@ifeng.com
2017110481,Jessamyn Chalfain,010-3984-1283,jchalfaina@cbc.ca
2017112793,Malvina Stienton,010-1908-1430,mstientonb@usa.gov
2017119738,Ambrosio Lilie,010-9149-7605,aliliec@house.gov
2017112651,Birch Holyland,010-3579-8474,bholylandd@cdc.gov
2017118317,Brigit Lowensohn,010-7127-3826,blowensohne@instagram.com
2017116658,Eddie Drever,010-2851-8696,edreverf@e-recht24.de
2017116596,Lara Samways,010-7407-0907,lsamwaysg@oakley.com
2017111048,Giralda Woolbrook,010-1108-9981,gwoolbrookh@cargocollective.com
2017115170,Ara Sprigg,010-8466-3266,aspriggi@live.com
2017115917,Iosep Dunguy,010-4459-5313,idunguyj@about.me
2017112733,Walker Abbet,010-4218-4719,wabbetk@domainmarket.com
2017110946,Clarita Fildes,010-6681-9799,cfildesl@youku.com
2017119818,Thomas Hewkin,010-5527-5692,thewkinm@kickstarter.com
2017118431,Tori Lorie,010-5773-2388,tlorien@yahoo.com
2017119325,Courtenay De Vaux,010-1941-6173,cdeo@issuu.com
2017112720,Rosie Jefferies,010-3759-4678,rjefferiesp@smh.com.au
2017116002,Marcello Drewet,010-8994-0735,mdrewetq@ibm.com
2017110971,Lanie Gatheridge,010-1996-0699,lgatheridger@hp.com
2017114344,Antonin Laye,010-2224-8359,alayes@hugedomains.com
2017110315,Sigfrid Work,010-7264-5465,sworkt@merriam-webster.com